email,telefon,tip_cont,tip_colaborator,prenume,nume,denumire_afisata_contact,username_propus,judet,localitate,denumire_organizatie,denumire_legala,cui,cui_cu_ro,reg_com,adresa_firma,reprezentant_legal,judet_firma,localitate_firma,adapost_public_ong,segmente,marketing_email_viitor,nota_interna,stare
bragadiru@aspa.ro,0734301394,adapost,adprv,,,ASPA,,București,București,ASPA,,,,,București,Contact listă Ramses (0734301394),,,,noutati_ong_adapost,,Sursă: asociatiaramses.ro/adaposturi/ (Asociația Ramses) | URL: https://asociatiaramses.ro/adaposturi/ | Secțiune listă: privat | fingerprint=ramses|aspa|bucuresti|priv,ready
contact@happyshelter.ro,0724501345,adapost,adprv,,,Happy Shelter,,Prahova,Evocasa Orizont,Happy Shelter,,,,,"Evocasa Orizont, Ploiești",Contact listă Ramses (0724501345),,,,noutati_ong_adapost,,"Sursă: asociatiaramses.ro/adaposturi/ (Asociația Ramses) | URL: https://asociatiaramses.ro/adaposturi/ | Secțiune listă: privat | fingerprint=ramses|happy shelter|evocasa orizont, ploiesti|priv",ready
contact@saveourpaws.ro,,adapost,adprv,,,Asociația Save our Paws,,Iași,Poieni,Asociația Save our Paws,,,,,"Sat Poieni, Iași",,,,,noutati_ong_adapost,,"Sursă: asociatiaramses.ro/adaposturi/ (Asociația Ramses) | URL: https://asociatiaramses.ro/adaposturi/ | Secțiune listă: privat | fingerprint=ramses|asociatia save our paws|sat poieni, iasi|priv",ready
carefordogsro@gmail.com,0743077595,adapost,adprv,,,Care for Dogs Romania,,Brașov,Brasov,Care for Dogs Romania,,,,,"Brasov, Romania",Contact listă Ramses (0743077595),,,,noutati_ong_adapost,,"Sursă: asociatiaramses.ro/adaposturi/ (Asociația Ramses) | URL: https://asociatiaramses.ro/adaposturi/ | Secțiune listă: privat | fingerprint=ramses|care for dogs romania|brasov, romania|priv",ready
arcaluinorocel@yahoo.com,0748508118,adapost,adprv,,,Arca lui Norocel,,,Câmpina,Arca lui Norocel,,,,,"Câmpina, Romania",Contact listă Ramses (0748508118),,,,noutati_ong_adapost,,"Sursă: asociatiaramses.ro/adaposturi/ (Asociația Ramses) | URL: https://asociatiaramses.ro/adaposturi/ | Secțiune listă: privat | fingerprint=ramses|arca lui norocel|campina, romania|priv",ready
contact@smeura.com,0248294466,adapost,adprv,,,Asociația Smeura,,Argeș,Smeura,Asociația Smeura,,,,,"Sat Smeura, Moșoaia, jud. Argeș",Contact listă Ramses (0248294466),,,,noutati_ong_adapost,,"Sursă: asociatiaramses.ro/adaposturi/ (Asociația Ramses) | URL: https://asociatiaramses.ro/adaposturi/ | Secțiune listă: privat | fingerprint=ramses|asociatia smeura|sat smeura, mosoaia, jud. arges|priv",ready
happytailsbrasov@gmail.com,0744573515,adapost,adprv,,,Happy Tails Brașov,,Brașov,Brașov,Happy Tails Brașov,,,,,Brașov,Contact listă Ramses (0744573515),,,,noutati_ong_adapost,,Sursă: asociatiaramses.ro/adaposturi/ (Asociația Ramses) | URL: https://asociatiaramses.ro/adaposturi/ | Secțiune listă: privat | fingerprint=ramses|happy tails brasov|brasov|priv,ready
contact@adapostulsperanta.ro,0728899313,adapost,adprv,,,Adăpostul Speranța,,,Adăpostul Speranța,Adăpostul Speranța,,,,,"Adăpostul Speranța, Popești Leordeni",Contact listă Ramses (0728899313),,,,noutati_ong_adapost,,"Sursă: asociatiaramses.ro/adaposturi/ (Asociația Ramses) | URL: https://asociatiaramses.ro/adaposturi/ | Secțiune listă: privat | fingerprint=ramses|adapostul speranta|adapostul speranta, popesti leordeni|priv",ready
asociatiapatrulabute20@yahoo.com,0736972555,adapost,adprv,,,Asociația Patru Lăbuțe Solace For Strays,,Hunedoara,Str. Principala,Asociația Patru Lăbuțe Solace For Strays,,,,,"Str. Principala, Baru Mare, județul Hunedoara",Contact listă Ramses (0736972555),,,,noutati_ong_adapost,,"Sursă: asociatiaramses.ro/adaposturi/ (Asociația Ramses) | URL: https://asociatiaramses.ro/adaposturi/ | Secțiune listă: privat | fingerprint=ramses|asociatia patru labute solace for strays|str. principala, baru mare, judetul hunedoara|priv",ready
casaluipatrocle@gmail.com,,adapost,adprv,,,Casa lui Patrocle – Animal Rescue,,Suceava,Dărmănești,Casa lui Patrocle – Animal Rescue,,,,,"Dărmănești, sat Măriței, Jud. Suceava",,,,,noutati_ong_adapost,,"Sursă: asociatiaramses.ro/adaposturi/ (Asociația Ramses) | URL: https://asociatiaramses.ro/adaposturi/ | Secțiune listă: privat | fingerprint=ramses|casa lui patrocle – animal rescue|darmanesti, sat maritei, jud. suceava|priv",ready
forhelp@greendog.ro,0722639940,adapost,adprv,,,Green Dog,,Giurgiu,Giurgiu,Green Dog,,,,,Giurgiu,Contact listă Ramses (0722639940),,,,noutati_ong_adapost,,Sursă: asociatiaramses.ro/adaposturi/ (Asociația Ramses) | URL: https://asociatiaramses.ro/adaposturi/ | Secțiune listă: privat | fingerprint=ramses|green dog|giurgiu|priv,ready
office@pisicipecreier.ro,0724408349,adapost,adprv,,,Pisici pe creier,,București,Sector 3,Pisici pe creier,,,,,"Sector 3, București",Contact listă Ramses (0724408349),,,,noutati_ong_adapost,,"Sursă: asociatiaramses.ro/adaposturi/ (Asociația Ramses) | URL: https://asociatiaramses.ro/adaposturi/ | Secțiune listă: privat | fingerprint=ramses|pisici pe creier|sector 3, bucuresti|priv",ready
info@sadies-dog-rescue.co.uk,,adapost,adprv,,,Sadies Dog Rescue,,Bacău,Bacău,Sadies Dog Rescue,,,,,Bacău,,,,,noutati_ong_adapost,,Sursă: asociatiaramses.ro/adaposturi/ (Asociația Ramses) | URL: https://asociatiaramses.ro/adaposturi/ | Secțiune listă: privat | fingerprint=ramses|sadies dog rescue|bacau|priv,ready
miwmiw@miwmiw.org,,adapost,adprv,,,Asociația Miw Miw,,,,Asociația Miw Miw,,,,,,,,,,noutati_ong_adapost,,Sursă: asociatiaramses.ro/adaposturi/ (Asociația Ramses) | URL: https://asociatiaramses.ro/adaposturi/ | Secțiune listă: privat | fingerprint=ramses|asociatia miw miw||priv,ready
asociatia.animale.hope@gmail.com,0788850289,adapost,adprv,,,Asociația Pentru Protectia Animalelor HOPE,,București,Strada Anton Bacalbaşa 7,Asociația Pentru Protectia Animalelor HOPE,,,,,"Strada Anton Bacalbaşa 7, București",Contact listă Ramses (0788850289),,,,noutati_ong_adapost,,"Sursă: asociatiaramses.ro/adaposturi/ (Asociația Ramses) | URL: https://asociatiaramses.ro/adaposturi/ | Secțiune listă: privat | fingerprint=ramses|asociatia pentru protectia animalelor hope|strada anton bacalbasa 7, bucuresti|priv",ready
,0213452740,adapost,adprv,,,Adoptiicaini.ro,,,,Adoptiicaini.ro,,,,,0213452740,,,,,noutati_ong_adapost,,Sursă: asociatiaramses.ro/adaposturi/ (Asociația Ramses) | URL: https://asociatiaramses.ro/adaposturi/ | Secțiune listă: privat | fingerprint=ramses|adoptiicaini.ro|0213452740|priv,ready
savealiferomania@gmail.com,0725809423,adapost,adprv,,,Asociația Save a Life,,,,Asociația Save a Life,,,,,0725809423,Contact listă Ramses (0725809423),,,,noutati_ong_adapost,,Sursă: asociatiaramses.ro/adaposturi/ (Asociația Ramses) | URL: https://asociatiaramses.ro/adaposturi/ | Secțiune listă: privat | fingerprint=ramses|asociatia save a life|0725809423|priv,ready
dogswithoutborders@gmail.com,,adapost,adprv,,,Dogs Without Borders,,,,Dogs Without Borders,,,,,,,,,,noutati_ong_adapost,,Sursă: asociatiaramses.ro/adaposturi/ (Asociația Ramses) | URL: https://asociatiaramses.ro/adaposturi/ | Secțiune listă: privat | fingerprint=ramses|dogs without borders||priv,ready
,0755596845,adapost,adprv,,,Trio Vet,,Botoșani,Aleea Crizantemelor nr. 7,Trio Vet,,,,,"Aleea Crizantemelor nr. 7, Botoșani",,,,,noutati_ong_adapost,,"Sursă: asociatiaramses.ro/adaposturi/ (Asociația Ramses) | URL: https://asociatiaramses.ro/adaposturi/ | Secțiune listă: privat | fingerprint=ramses|trio vet|aleea crizantemelor nr. 7, botosani|priv",ready
rayanimalrescue@gmail.com,,adapost,adprv,,,Ray Animal Rescue,,Cluj,Cluj-Napoca,Ray Animal Rescue,,,,,Cluj-Napoca,,,,,noutati_ong_adapost,,Sursă: asociatiaramses.ro/adaposturi/ (Asociația Ramses) | URL: https://asociatiaramses.ro/adaposturi/ | Secțiune listă: privat | fingerprint=ramses|ray animal rescue|cluj-napoca|priv,ready
,,adapost,adprv,,,K9 Friends Romania,,Gorj,Târgu Jiu,K9 Friends Romania,,,,,Târgu Jiu,,,,,noutati_ong_adapost,,Sursă: asociatiaramses.ro/adaposturi/ (Asociația Ramses) | URL: https://asociatiaramses.ro/adaposturi/ | Secțiune listă: privat | fingerprint=ramses|k9 friends romania|targu jiu|priv,ready
,,adapost,adprv,,,Second Chance,,Harghita,Bălan,Second Chance,,,,,"Bălan, jud. Harghita",,,,,noutati_ong_adapost,,"Sursă: asociatiaramses.ro/adaposturi/ (Asociația Ramses) | URL: https://asociatiaramses.ro/adaposturi/ | Secțiune listă: privat | fingerprint=ramses|second chance|balan, jud. harghita|priv",ready
contact@green-cats.org,0721947501,adapost,adprv,,,Green Cats,,Cluj,Cluj-Napoca,Green Cats,,,,,Cluj-Napoca,Contact listă Ramses (0721947501),,,,noutati_ong_adapost,,Sursă: asociatiaramses.ro/adaposturi/ (Asociația Ramses) | URL: https://asociatiaramses.ro/adaposturi/ | Secțiune listă: privat | fingerprint=ramses|green cats|cluj-napoca|priv,ready
,0742899476,adapost,adprv,,,Anda Panda,,,,Anda Panda,,,,,0742899476,,,,,noutati_ong_adapost,,Sursă: asociatiaramses.ro/adaposturi/ (Asociația Ramses) | URL: https://asociatiaramses.ro/adaposturi/ | Secțiune listă: privat | fingerprint=ramses|anda panda|0742899476|priv,ready
asociatiapoli2024@gmail.com,0256386637,adapost,adprv,,,Asociația Poli,,,Str. Înfrățirea 93,Asociația Poli,,,,,"Str. Înfrățirea 93, GIarmata Vii",Contact listă Ramses (0256386637),,,,noutati_ong_adapost,,"Sursă: asociatiaramses.ro/adaposturi/ (Asociația Ramses) | URL: https://asociatiaramses.ro/adaposturi/ | Secțiune listă: privat | fingerprint=ramses|asociatia poli|str. infratirea 93, giarmata vii|priv",ready
,,adapost,adprv,,,Adorra Rescue Center,,București,București,Adorra Rescue Center,,,,,București,,,,,noutati_ong_adapost,,Sursă: asociatiaramses.ro/adaposturi/ (Asociația Ramses) | URL: https://asociatiaramses.ro/adaposturi/ | Secțiune listă: privat | fingerprint=ramses|adorra rescue center|bucuresti|priv,ready
,0751654870,adapost,adprv,,,The Nana Gang,,,,The Nana Gang,,,,,0751654870,,,,,noutati_ong_adapost,,Sursă: asociatiaramses.ro/adaposturi/ (Asociația Ramses) | URL: https://asociatiaramses.ro/adaposturi/ | Secțiune listă: privat | fingerprint=ramses|the nana gang|0751654870|priv,ready
,0747065674,adapost,adprv,,,Nobody’s Souls,,Hunedoara,Pestisul Mare 21D,Nobody’s Souls,,,,,"Pestisul Mare 21D, Hunedoara",,,,,noutati_ong_adapost,,"Sursă: asociatiaramses.ro/adaposturi/ (Asociația Ramses) | URL: https://asociatiaramses.ro/adaposturi/ | Secțiune listă: privat | fingerprint=ramses|nobody’s souls|pestisul mare 21d, hunedoara|priv",ready
mariuta.romania@gmail.com,0732358406,adapost,adprv,,,Asociația pentru Protecția Animalelor Măriuța,,Dolj,Poiana Mare,Asociația pentru Protecția Animalelor Măriuța,,,,,"Poiana Mare, Dolj",Contact listă Ramses (0732358406),,,,noutati_ong_adapost,,"Sursă: asociatiaramses.ro/adaposturi/ (Asociația Ramses) | URL: https://asociatiaramses.ro/adaposturi/ | Secțiune listă: privat | fingerprint=ramses|asociatia pentru protectia animalelor mariuta|poiana mare, dolj|priv",ready
asociatia3h@gmail.com,,adapost,adprv,,,Asociația Happy Heart Home,,,,Asociația Happy Heart Home,,,,,,,,,,noutati_ong_adapost,,Sursă: asociatiaramses.ro/adaposturi/ (Asociația Ramses) | URL: https://asociatiaramses.ro/adaposturi/ | Secțiune listă: privat | fingerprint=ramses|asociatia happy heart home||priv,ready
carpeshelter@yahoo.com,0744440089,adapost,adprv,,,CARPE Animal Rescue,,București,București,CARPE Animal Rescue,,,,,București,Contact listă Ramses (0744440089),,,,noutati_ong_adapost,,Sursă: asociatiaramses.ro/adaposturi/ (Asociația Ramses) | URL: https://asociatiaramses.ro/adaposturi/ | Secțiune listă: privat | fingerprint=ramses|carpe animal rescue|bucuresti|priv,ready
contact@rigasiberlin.ro,,adapost,adprv,,,Asociația Riga si Berlin,,București,București,Asociația Riga si Berlin,,,,,București,,,,,noutati_ong_adapost,,Sursă: asociatiaramses.ro/adaposturi/ (Asociația Ramses) | URL: https://asociatiaramses.ro/adaposturi/ | Secțiune listă: privat | fingerprint=ramses|asociatia riga si berlin|bucuresti|priv,ready
office@red-panda.ro,,adapost,adprv,,,Red Panda,,București,Barbu Vacarescu 162 - 164,Red Panda,,,,,"Barbu Vacarescu 162 - 164, București",,,,,noutati_ong_adapost,,"Sursă: asociatiaramses.ro/adaposturi/ (Asociația Ramses) | URL: https://asociatiaramses.ro/adaposturi/ | Secțiune listă: privat | fingerprint=ramses|red panda|barbu vacarescu 162 - 164, bucuresti|priv",ready
tnr.sterilizare@gmail.com,0764774329,adapost,adprv,,,Asociația TNR,,București,București,Asociația TNR,,,,,București,Contact listă Ramses (0764774329),,,,noutati_ong_adapost,,Sursă: asociatiaramses.ro/adaposturi/ (Asociația Ramses) | URL: https://asociatiaramses.ro/adaposturi/ | Secțiune listă: privat | fingerprint=ramses|asociatia tnr|bucuresti|priv,ready
contact@freelifedogs.com,0745521042,adapost,adprv,,,Asociația Freelifesm,,Satu Mare,Parc Industrial Sud,Asociația Freelifesm,,,,,"Parc Industrial Sud, Satu Mare",Contact listă Ramses (0745521042),,,,noutati_ong_adapost,,"Sursă: asociatiaramses.ro/adaposturi/ (Asociația Ramses) | URL: https://asociatiaramses.ro/adaposturi/ | Secțiune listă: privat | fingerprint=ramses|asociatia freelifesm|parc industrial sud, satu mare|priv",ready
asoc.saveandsmile@gmail.com,,adapost,adprv,,,Asociația Save & Smile,,Mureș,Jud. Mureș,Asociația Save & Smile,,,,,Jud. Mureș,,,,,noutati_ong_adapost,,Sursă: asociatiaramses.ro/adaposturi/ (Asociația Ramses) | URL: https://asociatiaramses.ro/adaposturi/ | Secțiune listă: privat | fingerprint=ramses|asociatia save & smile|jud. mures|priv,ready
office@asrc.ong,0747992200,adapost,adprv,,,All Souls Rescue Center,,Teleorman,Str. Lacramioarei 2 Sat. Meri,All Souls Rescue Center,,,,,"Str. Lacramioarei 2 Sat. Meri, Teleorman",Contact listă Ramses (0747992200),,,,noutati_ong_adapost,,"Sursă: asociatiaramses.ro/adaposturi/ (Asociația Ramses) | URL: https://asociatiaramses.ro/adaposturi/ | Secțiune listă: privat | fingerprint=ramses|all souls rescue center|str. lacramioarei 2 sat. meri, teleorman|priv",ready
contact@nolimitpets.ro,0746385854,adapost,adprv,,,Ringo Land Romania,,Bacău,Str. Vrancei,Ringo Land Romania,,,,,"Str. Vrancei, nr 2, Bacău",Contact listă Ramses (0746385854),,,,noutati_ong_adapost,,"Sursă: asociatiaramses.ro/adaposturi/ (Asociația Ramses) | URL: https://asociatiaramses.ro/adaposturi/ | Secțiune listă: privat | fingerprint=ramses|ringo land romania|str. vrancei, nr 2, bacau|priv",ready
contact@nolimitpets.ro,,adapost,adprv,,,No Limit Pets,,Bacău,Str. Vrancei,No Limit Pets,,,,,"Str. Vrancei, nr. 2, Bacău",,,,,noutati_ong_adapost,,"Sursă: asociatiaramses.ro/adaposturi/ (Asociația Ramses) | URL: https://asociatiaramses.ro/adaposturi/ | Secțiune listă: privat | fingerprint=ramses|no limit pets|str. vrancei, nr. 2, bacau|priv",ready
dogscenteresita@yahoo.com,,adapost,adprv,,,Asociația Dogs Center,,Caraș-Severin,Reșița,Asociația Dogs Center,,,,,Reșița,,,,,noutati_ong_adapost,,Sursă: asociatiaramses.ro/adaposturi/ (Asociația Ramses) | URL: https://asociatiaramses.ro/adaposturi/ | Secțiune listă: privat | fingerprint=ramses|asociatia dogs center|resita|priv,ready
asociatiaida@gmail.com,,adapost,adprv,,,Asociația IDA,,București,București,Asociația IDA,,,,,București,,,,,noutati_ong_adapost,,Sursă: asociatiaramses.ro/adaposturi/ (Asociația Ramses) | URL: https://asociatiaramses.ro/adaposturi/ | Secțiune listă: privat | fingerprint=ramses|asociatia ida|bucuresti|priv,ready
asociatia.littlepawsenvironment@gmail.com,,adapost,adprv,,,Little Paws Squad and The Environment,,București,Str. Drm. Dealu Bistrii Nr. 25,Little Paws Squad and The Environment,,,,,"Str. Drm. Dealu Bistrii Nr. 25, București",,,,,noutati_ong_adapost,,"Sursă: asociatiaramses.ro/adaposturi/ (Asociația Ramses) | URL: https://asociatiaramses.ro/adaposturi/ | Secțiune listă: privat | fingerprint=ramses|little paws squad and the environment|str. drm. dealu bistrii nr. 25, bucuresti|priv",ready
asociatiapansb@gmail.com,,adapost,adprv,,,Asociația Pan,,Sibiu,Sibiu,Asociația Pan,,,,,Sibiu,,,,,noutati_ong_adapost,,Sursă: asociatiaramses.ro/adaposturi/ (Asociația Ramses) | URL: https://asociatiaramses.ro/adaposturi/ | Secțiune listă: privat | fingerprint=ramses|asociatia pan|sibiu|priv,ready
contact@adapostcainicristian.ro,0741224576,adapost,adprv,,,Adăpost câini Cristian,,Sibiu,Cristian,Adăpost câini Cristian,,,,,"Comuna Cristian, Strada XX, Nr. 18, Jud. Sibiu",Contact listă Ramses (0741224576),,,,noutati_ong_adapost,,"Sursă: asociatiaramses.ro/adaposturi/ (Asociația Ramses) | URL: https://asociatiaramses.ro/adaposturi/ | Secțiune listă: privat | fingerprint=ramses|adapost caini cristian|comuna cristian, strada xx, nr. 18, jud. sibiu|priv",ready
animallife.ro@gmail.com,,adapost,adprv,,,Animal Life,,Sibiu,Sibiu,Animal Life,,,,,Sibiu,,,,,noutati_ong_adapost,,Sursă: asociatiaramses.ro/adaposturi/ (Asociația Ramses) | URL: https://asociatiaramses.ro/adaposturi/ | Secțiune listă: privat | fingerprint=ramses|animal life|sibiu|priv,ready
help_labus@yahoo.com,0751024562,adapost,adprv,,,Ajutați-l pe Lăbuș,,Galați,Calea Prutului,Ajutați-l pe Lăbuș,,,,,"Calea Prutului, Galați, România",Contact listă Ramses (0751024562),,,,noutati_ong_adapost,,"Sursă: asociatiaramses.ro/adaposturi/ (Asociația Ramses) | URL: https://asociatiaramses.ro/adaposturi/ | Secțiune listă: privat | fingerprint=ramses|ajutati-l pe labus|calea prutului, galati, romania|priv",ready
,0757331827,adapost,adprv,,,Blănoșii nordului,,Botoșani,Darabani,Blănoșii nordului,,,,,"Darabani, Jud. Botosani",,,,,noutati_ong_adapost,,"Sursă: asociatiaramses.ro/adaposturi/ (Asociația Ramses) | URL: https://asociatiaramses.ro/adaposturi/ | Secțiune listă: privat | fingerprint=ramses|blanosii nordului|darabani, jud. botosani|priv",ready
animalshields@gmail.com,,adapost,adprv,,,Animal Shields,,Bihor,Oradea,Animal Shields,,,,,Oradea,,,,,noutati_ong_adapost,,Sursă: asociatiaramses.ro/adaposturi/ (Asociația Ramses) | URL: https://asociatiaramses.ro/adaposturi/ | Secțiune listă: privat | fingerprint=ramses|animal shields|oradea|priv,ready
asociatiacutoferma@gmail.com,,adapost,adprv,,,Asociația Cutoferma,,,,Asociația Cutoferma,,,,,,,,,,noutati_ong_adapost,,Sursă: asociatiaramses.ro/adaposturi/ (Asociația Ramses) | URL: https://asociatiaramses.ro/adaposturi/ | Secțiune listă: privat | fingerprint=ramses|asociatia cutoferma||priv,ready
,,adapost,adprv,,,Animale spre adopție Brașov,,Brașov,Brașov,Animale spre adopție Brașov,,,,,Brașov,,,,,noutati_ong_adapost,,Sursă: asociatiaramses.ro/adaposturi/ (Asociația Ramses) | URL: https://asociatiaramses.ro/adaposturi/ | Secțiune listă: privat | fingerprint=ramses|animale spre adoptie brasov|brasov|priv,ready
asociatia.animalelor.innocente@gmail.com,0757659348,adapost,adprv,,,Asociația pentru Protecția Animalelor INNOCENTE,,Bihor,Strada Gestului,Asociația pentru Protecția Animalelor INNOCENTE,,,,,"Strada Gestului, Salonta, Romania",Contact listă Ramses (0757659348),,,,noutati_ong_adapost,,"Sursă: asociatiaramses.ro/adaposturi/ (Asociația Ramses) | URL: https://asociatiaramses.ro/adaposturi/ | Secțiune listă: privat | fingerprint=ramses|asociatia pentru protectia animalelor innocente|strada gestului, salonta, romania|priv",ready
office@asociatiaargos.ro,,adapost,adprv,,,Asociația Argos,,București,Blvd. Bucureștii Noi,Asociația Argos,,,,,"Blvd. Bucureștii Noi, București",,,,,noutati_ong_adapost,,"Sursă: asociatiaramses.ro/adaposturi/ (Asociația Ramses) | URL: https://asociatiaramses.ro/adaposturi/ | Secțiune listă: privat | fingerprint=ramses|asociatia argos|blvd. bucurestii noi, bucuresti|priv",ready
,,adapost,adprv,,,Elena Surubariu,,Vaslui,Vaslui,Elena Surubariu,,,,,Vaslui,,,,,noutati_ong_adapost,,Sursă: asociatiaramses.ro/adaposturi/ (Asociația Ramses) | URL: https://asociatiaramses.ro/adaposturi/ | Secțiune listă: privat | fingerprint=ramses|elena surubariu|vaslui|priv,ready
asociatia.felisity@gmail.com,,adapost,adprv,,,Asociația Felisity,,,,Asociația Felisity,,,,,,,,,,noutati_ong_adapost,,Sursă: asociatiaramses.ro/adaposturi/ (Asociația Ramses) | URL: https://asociatiaramses.ro/adaposturi/ | Secțiune listă: privat | fingerprint=ramses|asociatia felisity||priv,ready
savethehorsesromania@gmail.com,0726830583,adapost,adprv,,,Sanctuarul Save the Horses,,,,Sanctuarul Save the Horses,,,,,0726830583,Contact listă Ramses (0726830583),,,,noutati_ong_adapost,,Sursă: asociatiaramses.ro/adaposturi/ (Asociația Ramses) | URL: https://asociatiaramses.ro/adaposturi/ | Secțiune listă: privat | fingerprint=ramses|sanctuarul save the horses|0726830583|priv,ready
,,adapost,adprv,,,Asociația Echipa de Vis Fulgy,,Hunedoara,Sântămăria-Orlea,Asociația Echipa de Vis Fulgy,,,,,"Comuna Sântămăria-Orlea, Hunedoara",,,,,noutati_ong_adapost,,"Sursă: asociatiaramses.ro/adaposturi/ (Asociația Ramses) | URL: https://asociatiaramses.ro/adaposturi/ | Secțiune listă: privat | fingerprint=ramses|asociatia echipa de vis fulgy|comuna santamaria-orlea, hunedoara|priv",ready
romania@savethedogs.eu,0241235081,adapost,adprv,,,Asociația Save the Dogs and other Animals,,Constanța,DJ 223 Km 3,Asociația Save the Dogs and other Animals,,,,,"DJ 223 Km 3, Cernavoda",Contact listă Ramses (0241235081),,,,noutati_ong_adapost,,"Sursă: asociatiaramses.ro/adaposturi/ (Asociația Ramses) | URL: https://asociatiaramses.ro/adaposturi/ | Secțiune listă: privat | fingerprint=ramses|asociatia save the dogs and other animals|dj 223 km 3, cernavoda|priv",ready
sos.arms@yahoo.com,0772175651,adapost,adprv,,,SOS Arms,,Brașov,Brașov,SOS Arms,,,,,Brașov,Contact listă Ramses (0772175651),,,,noutati_ong_adapost,,Sursă: asociatiaramses.ro/adaposturi/ (Asociația Ramses) | URL: https://asociatiaramses.ro/adaposturi/ | Secțiune listă: privat | fingerprint=ramses|sos arms|brasov|priv,ready
hello@dumbrava-lui-patrocle.org,0770302898,adapost,adprv,,,Dumbrava lui Patrocle,,Cluj,Cășeiu nr. 27,Dumbrava lui Patrocle,,,,,"Cășeiu nr. 27, Jud. Cluj",Contact listă Ramses (0770302898),,,,noutati_ong_adapost,,"Sursă: asociatiaramses.ro/adaposturi/ (Asociația Ramses) | URL: https://asociatiaramses.ro/adaposturi/ | Secțiune listă: privat | fingerprint=ramses|dumbrava lui patrocle|caseiu nr. 27, jud. cluj|priv",ready
,,adapost,adprv,,,Povestea lăbuțelor,,București,București,Povestea lăbuțelor,,,,,București,,,,,noutati_ong_adapost,,Sursă: asociatiaramses.ro/adaposturi/ (Asociația Ramses) | URL: https://asociatiaramses.ro/adaposturi/ | Secțiune listă: privat | fingerprint=ramses|povestea labutelor|bucuresti|priv,ready
i_nico@yahoo.com,0744518269,adapost,adprv,,,Asociația Căsuța lui Azor,,Vrancea,Str. Vrancei,Asociația Căsuța lui Azor,,,,,"Str. Vrancei, Focșani, Vrancea",Contact listă Ramses (0744518269),,,,noutati_ong_adapost,,"Sursă: asociatiaramses.ro/adaposturi/ (Asociația Ramses) | URL: https://asociatiaramses.ro/adaposturi/ | Secțiune listă: privat | fingerprint=ramses|asociatia casuta lui azor|str. vrancei, focsani, vrancea|priv",ready
vocea.animalelor.ong@gmail.com,,adapost,adprv,,,Asociația Vocea Animalelor,,Prahova,Ploiești,Asociația Vocea Animalelor,,,,,Ploiești,,,,,noutati_ong_adapost,,Sursă: asociatiaramses.ro/adaposturi/ (Asociația Ramses) | URL: https://asociatiaramses.ro/adaposturi/ | Secțiune listă: privat | fingerprint=ramses|asociatia vocea animalelor|ploiesti|priv,ready
,,adapost,adprv,,,Eugenia Comiza,,Ilfov,Clinceni,Eugenia Comiza,,,,,"Clinceni, Ilfov",,,,,noutati_ong_adapost,,"Sursă: asociatiaramses.ro/adaposturi/ (Asociația Ramses) | URL: https://asociatiaramses.ro/adaposturi/ | Secțiune listă: privat | fingerprint=ramses|eugenia comiza|clinceni, ilfov|priv",ready
happytailstimisoara@gmail.com,,adapost,adprv,,,Happy Tails Timișoara,,Timiș,Str. Ovidiu Cotrus,Happy Tails Timișoara,,,,,"Str. Ovidiu Cotrus, zona Freidorf, Timisoara",,,,,noutati_ong_adapost,,"Sursă: asociatiaramses.ro/adaposturi/ (Asociația Ramses) | URL: https://asociatiaramses.ro/adaposturi/ | Secțiune listă: privat | fingerprint=ramses|happy tails timisoara|str. ovidiu cotrus, zona freidorf, timisoara|priv",ready
rescuecatsforadoption@gmail.com,,adapost,adprv,,,KittyLand,,,,KittyLand,,,,,,,,,,noutati_ong_adapost,,Sursă: asociatiaramses.ro/adaposturi/ (Asociația Ramses) | URL: https://asociatiaramses.ro/adaposturi/ | Secțiune listă: privat | fingerprint=ramses|kittyland||priv,ready
,0214904007,adapost,adpub,,,"Adăpostul de câini Odăi, Primăria Sectorului 1",,București,Sos. Odăi,"Adăpostul de câini Odăi, Primăria Sectorului 1",,,,,"Sos. Odăi, nr. 3-5, Sector 1, București",,,,1,noutati_ong_adapost,,"Sursă: asociatiaramses.ro/adaposturi/ (Asociația Ramses) | URL: https://asociatiaramses.ro/adaposturi/ | Secțiune listă: public | fingerprint=ramses|adapostul de caini odai, primaria sectorului 1|sos. odai, nr. 3-5, sector 1, bucuresti|pub",ready
,0213452740,adapost,adpub,,,Adăpostul de câini Pallady,,București,Sector 3,Adăpostul de câini Pallady,,,,,"Sector 3, București",,,,1,noutati_ong_adapost,,"Sursă: asociatiaramses.ro/adaposturi/ (Asociația Ramses) | URL: https://asociatiaramses.ro/adaposturi/ | Secțiune listă: public | fingerprint=ramses|adapostul de caini pallady|sector 3, bucuresti|pub",ready
,0251422733,adapost,adpub,,,Adăpost canin Craiova,,Dolj,Str. Brestei,Adăpost canin Craiova,,,,,"Str. Brestei, Nr. 129A, Craiova, Dolj",,,,1,noutati_ong_adapost,,"Sursă: asociatiaramses.ro/adaposturi/ (Asociația Ramses) | URL: https://asociatiaramses.ro/adaposturi/ | Secțiune listă: public | fingerprint=ramses|adapost canin craiova|str. brestei, nr. 129a, craiova, dolj|pub",ready
,0734330034,adapost,adpub,,,Adăpostul de Câini Buftea,,,Str. Rândunelelor nr. 51,Adăpostul de Câini Buftea,,,,,Str. Rândunelelor nr. 51,,,,1,noutati_ong_adapost,,Sursă: asociatiaramses.ro/adaposturi/ (Asociația Ramses) | URL: https://asociatiaramses.ro/adaposturi/ | Secțiune listă: public | fingerprint=ramses|adapostul de caini buftea|str. randunelelor nr. 51|pub,ready
,0765275030,adapost,adpub,,,Adăpostul de caini Daisy Hope,,București,Drumul Sabareni,Adăpostul de caini Daisy Hope,,,,,"Drumul Sabareni, nr. 131 - 137, București",,,,1,noutati_ong_adapost,,"Sursă: asociatiaramses.ro/adaposturi/ (Asociația Ramses) | URL: https://asociatiaramses.ro/adaposturi/ | Secțiune listă: public | fingerprint=ramses|adapostul de caini daisy hope|drumul sabareni, nr. 131 - 137, bucuresti|pub",ready
,0212569821,adapost,adpub,,,Adăpostul de caini din Dragomiresti,,,Dragomiresti-Deal,Adăpostul de caini din Dragomiresti,,,,,Dragomiresti-Deal,,,,1,noutati_ong_adapost,,Sursă: asociatiaramses.ro/adaposturi/ (Asociația Ramses) | URL: https://asociatiaramses.ro/adaposturi/ | Secțiune listă: public | fingerprint=ramses|adapostul de caini din dragomiresti|dragomiresti-deal|pub,ready
,0723541420,adapost,adpub,,,Adăpostul Mogoșoaia,,,Mogosoaia,Adăpostul Mogoșoaia,,,,,"Mogosoaia, Strada Muzelor, nr. 1",,,,1,noutati_ong_adapost,,"Sursă: asociatiaramses.ro/adaposturi/ (Asociația Ramses) | URL: https://asociatiaramses.ro/adaposturi/ | Secțiune listă: public | fingerprint=ramses|adapostul mogosoaia|mogosoaia, strada muzelor, nr. 1|pub",ready
,0741817865,adapost,adpub,,,Adăpostul Primăriei Generale a Capitalei – Lunca Jaristei,,București,Drumul Lunca Jaristei,Adăpostul Primăriei Generale a Capitalei – Lunca Jaristei,,,,,"Drumul Lunca Jaristei, nr. 47,  Sector 3, Bucuresti",,,,1,noutati_ong_adapost,,"Sursă: asociatiaramses.ro/adaposturi/ (Asociația Ramses) | URL: https://asociatiaramses.ro/adaposturi/ | Secțiune listă: public | fingerprint=ramses|adapostul primariei generale a capitalei – lunca jaristei|drumul lunca jaristei, nr. 47, sector 3, bucuresti|pub",ready
,0232291442,adapost,adpub,,,Adăpost Municipal Câini-Iași,,Iași,Șos. Iași -Tomești km. 1-2,Adăpost Municipal Câini-Iași,,,,,"Șos. Iași -Tomești km. 1-2 , Tomești",,,,1,noutati_ong_adapost,,"Sursă: asociatiaramses.ro/adaposturi/ (Asociația Ramses) | URL: https://asociatiaramses.ro/adaposturi/ | Secțiune listă: public | fingerprint=ramses|adapost municipal caini-iasi|sos. iasi -tomesti km. 1-2 , tomesti|pub",ready
